<?xml version="1.0" encoding="UTF-8"?>
<uptime xmlns:xsi="http://www.w3.org/2001/XMLSchema-instance" xsi:schemaLocation="http://www.uptimesoftware.com/erdc/erdc erdc" xmlns="http://www.uptimesoftware.com/erdc/erdc" xmlns:upt="http://www.uptimesoftware.com/erdc/erdc" version="4.0" target_grouping="other">
	<class>Monitor Windows Memory</class>
	<exec>com.uptimesoftware.uptime.erdc.MonitorCustomScriptRunner</exec>
	<erdc_version>1.0</erdc_version>
	<category>Operating System Monitors</category>
    <category_related>Operating System Monitors</category_related>
    <grid_info>
        <supported_versions>7.3,7.4,7.5,7.6,7.7,7.8</supported_versions>
        <supported_platforms>windows</supported_platforms>
        <upgrade_in_place>true</upgrade_in_place>
        <requires_agent_scripts>false</requires_agent_scripts>
    </grid_info>	
	<elements>
		<element name="process" parameter_type="input" data_type="string" gui_basic="1" range_type="0">
			<control_options> size:40 </control_options>
			<default_value>plugins/scripts/Monitor-Windows-Memory/Monitor-Windows-Memory.bat</default_value>
			<short_description>Script Name</short_description>
			<long_description>Name of the script/binary/process to be executed by up.time </long_description>
			<validation_rule><alphanumeric/></validation_rule>
			<error_message><alphanumeric>required field</alphanumeric></error_message>
			<gui_type><string/></gui_type>
		</element>
		<element name='USERNAME' parameter_type='input' data_type='string' gui_basic='1' range_type='0' units=''>
			<control_options>size:8</control_options>
			<default_value></default_value>
			<validation_rule><alphanumeric/></validation_rule>
			<error_message><alphanumeric>required field</alphanumeric></error_message>
			<short_description>Username</short_description>
			<long_description>A user on the remote machine with access to read WMI, usually a local administrator.</long_description>
			<gui_type><string/></gui_type>
		</element>
		<element name='PASSWORD' parameter_type='input' data_type='string' gui_basic='1' range_type='0' units=''>
			<control_options>size:8</control_options>
			<default_value></default_value>
			<validation_rule><alphanumeric/></validation_rule>
			<error_message><alphanumeric>required field</alphanumeric></error_message>
			<short_description>Password</short_description>
			<long_description>Password for the user we're using to gather the WMI metric.</long_description>
			<gui_type><password/></gui_type>
		</element>
		<element name="authenticate" parameter_type="input" 
			data_type="boolean" gui_basic="1" range_type="0"> 
			<gui_type><boolean/></gui_type> 
			<control_options>size:40 </control_options> 
			<default_value/> 
			<short_description>Use credentials to access WMI</short_description> 
			<long_description>If this is a remote machine, credentials will be required to access WMI.</long_description> 
			<validation_rule/> 
			<error_message/> 
		</element>
		<element name='AvailableBytes' parameter_type='input' data_type='integer' gui_basic='1' range_type='0' units='bytes'>
			<control_options>size:8</control_options>
			<default_value></default_value>
			<validation_rule/><error_message/>
			<short_description>AvailableBytes</short_description>
			<long_description></long_description>
			<gui_type><integer/></gui_type>
		</element>
		<element name='AvailableKBytes' parameter_type='input' data_type='integer' gui_basic='1' range_type='0' units='KB'>
			<control_options>size:8</control_options>
			<default_value></default_value>
			<validation_rule/><error_message/>
			<short_description>AvailableKBytes</short_description>
			<long_description></long_description>
			<gui_type><integer/></gui_type>
		</element>
		<element name='AvailableMBytes' parameter_type='input' data_type='integer' gui_basic='1' range_type='0' units='MB'>
			<control_options>size:8</control_options>
			<default_value></default_value>
			<validation_rule/><error_message/>
			<short_description>AvailableMBytes</short_description>
			<long_description></long_description>
			<gui_type><integer/></gui_type>
		</element>
		<element name='CacheBytes' parameter_type='input' data_type='integer' gui_basic='1' range_type='0' units='bytes'>
			<control_options>size:8</control_options>
			<default_value></default_value>
			<validation_rule/><error_message/>
			<short_description>CacheBytes</short_description>
			<long_description></long_description>
			<gui_type><integer/></gui_type>
		</element>
		<element name='CacheBytesPeak' parameter_type='input' data_type='integer' gui_basic='1' range_type='0' units='bytes'>
			<control_options>size:8</control_options>
			<default_value></default_value>
			<validation_rule/><error_message/>
			<short_description>CacheBytesPeak</short_description>
			<long_description></long_description>
			<gui_type><integer/></gui_type>
		</element>
		<element name='CacheFaultsPersec' parameter_type='input' data_type='integer' gui_basic='1' range_type='0' units='#'>
			<control_options>size:8</control_options>
			<default_value></default_value>
			<validation_rule/><error_message/>
			<short_description>CacheFaultsPersec</short_description>
			<long_description></long_description>
			<gui_type><integer/></gui_type>
		</element>
		<element name='CommitLimit' parameter_type='input' data_type='integer' gui_basic='1' range_type='0' units='bytes'>
			<control_options>size:8</control_options>
			<default_value></default_value>
			<validation_rule/><error_message/>
			<short_description>CommitLimit</short_description>
			<long_description></long_description>
			<gui_type><integer/></gui_type>
		</element>
		<element name='CommittedBytes' parameter_type='output' data_type='integer' gui_basic='' range_type='0' units='bytes'>
			<control_options>size:8</control_options>
			<default_value></default_value>
			<short_description>CommittedBytes</short_description>
			<long_description></long_description>
			<validation_rule/>
			<error_message/>
			<gui_type><integer/></gui_type>
		</element>
		<element name='DemandZeroFaultsPersec' parameter_type='output' data_type='integer' gui_basic='' range_type='0' units='#'>
			<control_options>size:8</control_options>
			<default_value></default_value>
			<short_description>DemandZeroFaultsPersec</short_description>
			<long_description></long_description>
			<validation_rule/>
			<error_message/>
			<gui_type><integer/></gui_type>
		</element>
		<element name='FreeAndZeroPageListBytes' parameter_type='output' data_type='integer' gui_basic='' range_type='0' units='bytes'>
			<control_options>size:8</control_options>
			<default_value></default_value>
			<short_description>FreeAndZeroPageListBytes</short_description>
			<long_description></long_description>
			<validation_rule/>
			<error_message/>
			<gui_type><integer/></gui_type>
		</element>
		<element name='FreeSystemPageTableEntries' parameter_type='output' data_type='integer' gui_basic='' range_type='0' units='#'>
			<control_options>size:8</control_options>
			<default_value></default_value>
			<short_description>FreeSystemPageTableEntries</short_description>
			<long_description></long_description>
			<validation_rule/>
			<error_message/>
			<gui_type><integer/></gui_type>
		</element>
		<element name='LongTermAverageStandbyCacheLifetimes' parameter_type='output' data_type='integer' gui_basic='' range_type='0' units='seconds'>
			<control_options>size:8</control_options>
			<default_value></default_value>
			<short_description>LongTermAverageStandbyCacheLifetimes</short_description>
			<long_description></long_description>
			<validation_rule/>
			<error_message/>
			<gui_type><integer/></gui_type>
		</element>
		<element name='ModifiedPageListBytes' parameter_type='output' data_type='integer' gui_basic='' range_type='0' units='bytes'>
			<control_options>size:8</control_options>
			<default_value></default_value>
			<short_description>ModifiedPageListBytes</short_description>
			<long_description></long_description>
			<validation_rule/>
			<error_message/>
			<gui_type><integer/></gui_type>
		</element>
		<element name='PageFaultsPersec' parameter_type='output' data_type='integer' gui_basic='' range_type='0' units='#'>
			<control_options>size:8</control_options>
			<default_value></default_value>
			<short_description>PageFaultsPersec</short_description>
			<long_description></long_description>
			<validation_rule/>
			<error_message/>
			<gui_type><integer/></gui_type>
		</element>
		<element name='PageReadsPersec' parameter_type='output' data_type='integer' gui_basic='' range_type='0' units='#'>
			<control_options>size:8</control_options>
			<default_value></default_value>
			<short_description>PageReadsPersec</short_description>
			<long_description></long_description>
			<validation_rule/>
			<error_message/>
			<gui_type><integer/></gui_type>
		</element>
		<element name='PagesInputPersec' parameter_type='output' data_type='integer' gui_basic='' range_type='0' units='#'>
			<control_options>size:8</control_options>
			<default_value></default_value>
			<short_description>PagesInputPersec</short_description>
			<long_description></long_description>
			<validation_rule/>
			<error_message/>
			<gui_type><integer/></gui_type>
		</element>
		<element name='PagesOutputPersec' parameter_type='output' data_type='integer' gui_basic='' range_type='0' units='#'>
			<control_options>size:8</control_options>
			<default_value></default_value>
			<short_description>PagesOutputPersec</short_description>
			<long_description></long_description>
			<validation_rule/>
			<error_message/>
			<gui_type><integer/></gui_type>
		</element>
		<element name='PagesPersec' parameter_type='output' data_type='integer' gui_basic='' range_type='0' units='#'>
			<control_options>size:8</control_options>
			<default_value></default_value>
			<short_description>PagesPersec</short_description>
			<long_description></long_description>
			<validation_rule/>
			<error_message/>
			<gui_type><integer/></gui_type>
		</element>
		<element name='PageWritesPersec' parameter_type='output' data_type='integer' gui_basic='' range_type='0' units='#'>
			<control_options>size:8</control_options>
			<default_value></default_value>
			<short_description>PageWritesPersec</short_description>
			<long_description></long_description>
			<validation_rule/>
			<error_message/>
			<gui_type><integer/></gui_type>
		</element>
		<element name='PercentCommittedBytesInUse' parameter_type='output' data_type='integer' gui_basic='' range_type='0' units='bytes'>
			<control_options>size:8</control_options>
			<default_value></default_value>
			<short_description>PercentCommittedBytesInUse</short_description>
			<long_description></long_description>
			<validation_rule/>
			<error_message/>
			<gui_type><integer/></gui_type>
		</element>
		<element name='PoolNonpagedAllocs' parameter_type='output' data_type='integer' gui_basic='' range_type='0' units='#'>
			<control_options>size:8</control_options>
			<default_value></default_value>
			<short_description>PoolNonpagedAllocs</short_description>
			<long_description></long_description>
			<validation_rule/>
			<error_message/>
			<gui_type><integer/></gui_type>
		</element>
		<element name='PoolNonpagedBytes' parameter_type='output' data_type='integer' gui_basic='' range_type='0' units='bytes'>
			<control_options>size:8</control_options>
			<default_value></default_value>
			<short_description>PoolNonpagedBytes</short_description>
			<long_description></long_description>
			<validation_rule/>
			<error_message/>
			<gui_type><integer/></gui_type>
		</element>
		<element name='PoolPagedAllocs' parameter_type='output' data_type='integer' gui_basic='' range_type='0' units='#'>
			<control_options>size:8</control_options>
			<default_value></default_value>
			<short_description>PoolPagedAllocs</short_description>
			<long_description></long_description>
			<validation_rule/>
			<error_message/>
			<gui_type><integer/></gui_type>
		</element>
		<element name='PoolPagedBytes' parameter_type='output' data_type='integer' gui_basic='' range_type='0' units='bytes'>
			<control_options>size:8</control_options>
			<default_value></default_value>
			<short_description>PoolPagedBytes</short_description>
			<long_description></long_description>
			<validation_rule/>
			<error_message/>
			<gui_type><integer/></gui_type>
		</element>
		<element name='PoolPagedResidentBytes' parameter_type='output' data_type='integer' gui_basic='' range_type='0' units='bytes'>
			<control_options>size:8</control_options>
			<default_value></default_value>
			<short_description>PoolPagedResidentBytes</short_description>
			<long_description></long_description>
			<validation_rule/>
			<error_message/>
			<gui_type><integer/></gui_type>
		</element>		
		<element name='StandbyCacheCoreBytes' parameter_type='output' data_type='integer' gui_basic='' range_type='0' units='bytes'>
			<control_options>size:8</control_options>
			<default_value></default_value>
			<short_description>StandbyCacheCoreBytes</short_description>
			<long_description></long_description>
			<validation_rule/>
			<error_message/>
			<gui_type><integer/></gui_type>
		</element>
		<element name='StandbyCacheNormalPriorityBytes' parameter_type='output' data_type='integer' gui_basic='' range_type='0' units='bytes'>
			<control_options>size:8</control_options>
			<default_value></default_value>
			<short_description>StandbyCacheNormalPriorityBytes</short_description>
			<long_description></long_description>
			<validation_rule/>
			<error_message/>
			<gui_type><integer/></gui_type>
		</element>
		<element name='StandbyCacheReserveBytes' parameter_type='output' data_type='integer' gui_basic='' range_type='0' units='bytes'>
			<control_options>size:8</control_options>
			<default_value></default_value>
			<short_description>StandbyCacheReserveBytes</short_description>
			<long_description></long_description>
			<validation_rule/>
			<error_message/>
			<gui_type><integer/></gui_type>
		</element>
		<element name='SystemCacheResidentBytes' parameter_type='output' data_type='integer' gui_basic='' range_type='0' units='bytes'>
			<control_options>size:8</control_options>
			<default_value></default_value>
			<short_description>SystemCacheResidentBytes</short_description>
			<long_description></long_description>
			<validation_rule/>
			<error_message/>
			<gui_type><integer/></gui_type>
		</element>
		<element name='SystemCodeResidentBytes' parameter_type='output' data_type='integer' gui_basic='' range_type='0' units='bytes'>
			<control_options>size:8</control_options>
			<default_value></default_value>
			<short_description>SystemCodeResidentBytes</short_description>
			<long_description></long_description>
			<validation_rule/>
			<error_message/>
			<gui_type><integer/></gui_type>
		</element>		
		<element name='SystemCodeTotalBytes' parameter_type='output' data_type='integer' gui_basic='' range_type='0' units='bytes'>
			<control_options>size:8</control_options>
			<default_value></default_value>
			<short_description>SystemCodeTotalBytes</short_description>
			<long_description></long_description>
			<validation_rule/>
			<error_message/>
			<gui_type><integer/></gui_type>
		</element>
		<element name='SystemDriverResidentBytes' parameter_type='output' data_type='integer' gui_basic='' range_type='0' units='bytes'>
			<control_options>size:8</control_options>
			<default_value></default_value>
			<short_description>SystemDriverResidentBytes</short_description>
			<long_description></long_description>
			<validation_rule/>
			<error_message/>
			<gui_type><integer/></gui_type>
		</element>
		<element name='SystemDriverTotalBytes' parameter_type='output' data_type='integer' gui_basic='' range_type='0' units='bytes'>
			<control_options>size:8</control_options>
			<default_value></default_value>
			<short_description>SystemDriverTotalBytes</short_description>
			<long_description></long_description>
			<validation_rule/>
			<error_message/>
			<gui_type><integer/></gui_type>
		</element>
		<element name='TransitionFaultsPersec' parameter_type='output' data_type='integer' gui_basic='' range_type='0' units='#'>
			<control_options>size:8</control_options>
			<default_value></default_value>
			<short_description>TransitionFaultsPersec</short_description>
			<long_description></long_description>
			<validation_rule/>
			<error_message/>
			<gui_type><integer/></gui_type>
		</element>
		<element name='TransitionPagesRePurposedPersec' parameter_type='output' data_type='integer' gui_basic='' range_type='0' units='#'>
			<control_options>size:8</control_options>
			<default_value></default_value>
			<short_description>TransitionPagesRePurposedPersec</short_description>
			<long_description></long_description>
			<validation_rule/>
			<error_message/>
			<gui_type><integer/></gui_type>
		</element>
		<element name='WriteCopiesPersec' parameter_type='output' data_type='integer' gui_basic='' range_type='0' units='#'>
			<control_options>size:8</control_options>
			<default_value></default_value>
			<short_description>WriteCopiesPersec</short_description>
			<long_description></long_description>
			<validation_rule/>
			<error_message/>
			<gui_type><integer/></gui_type>
		</element>	
		<element name="timer" parameter_type="output" data_type="integer" gui_basic="0" range_type="0" units="ms">
			<control_options>size:8</control_options>
			<default_value/>
			<short_description>Response time</short_description>
			<long_description>Response time in ms</long_description>
			<validation_rule/>
			<error_message/>
			<gui_type><integer/></gui_type>
		</element>
	</elements>
	<help>Retrieves everything available from the Win32_PerfFormattedData_PerfOS_Memory WMI class.</help>
</uptime>




